 {  
  "AssimilatePartitioningCoeff":[  
    [  
      0.80,
      0.10,
      0.10,
      0
    ],
    [  
      0.55,
      0.30,
      0.15,
      0
    ],
    [  
      0.20000000000000001,
      0.20000000000000001,
      0.59999999999999998,
      0
    ],
    [  
      0.25,
      0.40,
      0.15,
      0.20
    ],
    [  
      0,
      0,
      0,
      1
    ],
    [  
      0,
      0,
      0,
      1
    ],
    [  
      0,
      0,
      0,
      1
    ]
  ],
  "BaseDaylength":[  
    [  
      0,
      -15.5,
      -15.5,
      -15.5,
      -15.5,
      -15.5,
      0
    ],
    "h"
  ],
  "BeginSensitivePhaseHeatStress":[  
    610,
    "°C d"
  ],
  "CriticalTemperatureHeatStress":[  
    31,
    "°C"
  ],
  "CropHeightP1":9,
  "CropHeightP2":0.34999999403953552,
  "CropSpecificMaxRootingDepth":0.5,
  "CultivarName":"IV",
  "DaylengthRequirement":[  
    [  
      0,
      -12.5,
      -12.5,
      -12.5,
      -12.5,
      -12.5,
      0
    ],
    "h"
  ],
  "Description":"",
  "DroughtStressThreshold":[  
    1,
    0.7,
    0.7,
    0.7,
    0.7,
    0.7,
    1
  ],
  "EndSensitivePhaseHeatStress":[  
    1330,
    "°C d"
  ],
  "FrostDehardening":0,
  "FrostHardening":0,
  "HeatSumIrrigationEnd":2680,
  "HeatSumIrrigationStart":0,
  "LT50cultivar":0,
  "LatestHarvestDoy":-1,
  "LowTemperatureExposure":0,
  "MaxAssimilationRate":28,
  "MaxCropHeight":[  
    1,
    "m"
  ],
  "OptimumTemperature":[  
    [  
      30,
      30,
      30,
      25,
      25,
      25,
      30
    ],
    "°C"
  ],
  "OrganIdsForCutting":[  

  ],
  "OrganIdsForPrimaryYield":[  
    {  
      "organId":4,
      "type":"YieldComponent",
      "yieldDryMatter":1.0,
      "yieldPercentage":0.79000000000000004
    }
  ],
  "OrganIdsForSecondaryYield":[  

  ],
  "OrganSenescenceRate":[  
    [  
      0,
      0,
      0,
      0
    ],
    [  
      0,
      0,
      0,
      0
    ],
    [  
      0,
      0,
      0,
      0
    ],
    [  
      0,
      0,
      0,
      0
    ],
    [  
      0,
      0.05,
      0,
      0
    ],
    [  
      0,
      0.08,
      0.050000000000000003,
      0
    ],
    [  
      0,
      0.10,
      0.050000000000000003,
      0
    ]
  ],
  "Perennial":false,
  "ResidueNRatio":0.5,
  "RespiratoryStress":0,
  "SpecificLeafArea":[  
    [  
      0.0032000000000000001,
      0.0032000000000000002,
      0.0030000000000000001,
      0.0028,
      0.0022,
      0.0022,
      0.0022
    ],
    "ha kg-1"
  ],
  "StageKcFactor":[  
    [  
      0.35,
      0.60,
      0.95,
      1.10,
      1.10,
      0.95,
      0.35
    ],
    "1;0"
  ],
  "StageTemperatureSum":[  
    [  
      100,
      50,
      460,
      210,
      510,
      1350,
      25
    ],
    "°C d"
  ],
  "VernalisationRequirement":[  
    0,
    0,
    0,
    0,
    0,
    0,
    0
  ],
  "type":"CultivarParameters"
}